-- Sample Data

-- -----------------------------------------------------
-- User Table
-- -----------------------------------------------------
INSERT INTO User_ (ASURITE_ID, FirstName, MiddleName, LastName, UserEmail, UserPassword, 
UserRole, RegTime, isActive, LoginTime) VALUES
('ballen', 'Bartholomew', 'Henry', 'Allen', 'ballen@asu.edu', 'password', 'student', 
'2017-01-02 00:00:01', 1, '2017-01-02 00:01:23'),
('oqueen', 'Oliver', 'Jonas', 'Queen', 'oqueen@asu.edu', 'password2', 'student', 
'2017-01-05 00:00:05', 1, '2017-01-05 00:04:33'),
('jgrey', 'Jean', 'Elaine', 'Grey', 'jgrey@asu.edu', 'password3', 'student', 
'2017-01-03 00:00:45', 1, '2017-01-03 00:2:08'),
('cxavier', 'Charles', 'Francis', 'Xavier', 'cxavier@asu.edu', 'password4', 
'program chair', '2017-01-02 00:01:15', 1, '2017-01-02 00:02:03'),
('ahelsing', 'Abraham', 'Van', 'Helsing', 'ahelsing@asu.edu', 'password5', 'faculty', 
'2017-01-02 00:00:55', 1, '2017-01-02 00:01:48'),
('hmccoy', 'Henry', 'Philip', 'McCoy', 'hmccoy@asu.edu', 'password6', 'faculty', 
'2017-01-01 00:02:03', 1, '2017-01-01 00:03:23'),
('rbanner', 'Robert', 'Bruce', 'Banner', 'rbanner@asu.edu', 'password7', 'faculty', 
'2017-01-03 00:12:11', 1, '2017-01-03 00:15:05'),
('fsmoak', 'Felicity', 'Megan', 'Smoak', 'fsmoak@asu.edu', 'password8', 'administrative', 
'2017-01-02 00:08:23', 1, '2017-01-02 00:10:13'),
('astark', 'Anthony', 'Edward', 'Stark', 'astark@asu.edu', 'password9', 'human resources',
'2017-01-02 00:16:45', 1, '2017-01-02 00:18:03'),
('jhowlett', 'James', 'Logan', 'Howlett', 'jhowlett@asu.edu', 'Password10!', 'student', 
'2017-03-03 08:12:45', 1, '2017-03-03 08:20:28'),
('bwayne', 'Bruce', NULL, 'Wayne', 'bwayne@asu.edu', 'Password11!', 'student', 
'2017-03-03 11:12:45', 1, '2017-03-03 11:18:28'),
('bgordon', 'Barbara', 'Joan', 'Gordon', 'bgordon@asu.edu', 'Password12!', 'student', 
'2017-03-05 08:22:45', 1, '2017-03-05 10:20:08'),
('srogers', 'Steven', 'Grant', 'Rogers', 'srogers@asu.edu', 'Password13!', 'student', 
'2017-03-05 10:45:08', 1, '2017-03-05 11:38:26'),
('ckent', 'Clark', 'Joseph', 'Kent', 'ckent@asu.edu', 'Password14!', 'student', 
'2017-03-06 13:05:18', 1, '2017-03-06 13:35:00'),
('pparker', 'Peter', 'Benjamin', 'Parker', 'pparker@asu.edu', 'Password15!', 'student', 
'2017-03-06 15:38:15', 1, '2017-03-06 15:40:39'),
('omunroe', 'Ororo', NULL, 'Munroe', 'omunroe@asu.edu', 'Password16!', 'student', 
'2017-03-07 08:11:00', 1, '2017-03-07 08:32:18'),
('ldanvers', 'Linda', 'Lee', 'Danvers', 'ldanvers@asu.edu', 'Password18!', 'student', 
'2017-03-07 10:21:06', 1, '2017-03-07 10:30:23'),
('dprince', 'Diana', NULL, 'Prince', 'dprince@asu.edu', 'Password19!', 'student', 
'2017-03-08 12:05:45', 1, '2017-03-08 12:34:47'),
('acurry', 'Arthur', 'Joseph', 'Curry', 'acurry@asu.edu', 'Password20!', 'student', 
'2017-03-09 09:20:15', 1, '2017-03-09 09:38:00'),
('jjones', 'John', NULL, 'Jones', 'jjones@asu.edu', 'Password21!', 'student', 
'2017-03-09 15:55:29', 1, '2017-03-09 16:02:31'),
('nadam', 'Nathaniel', 'Christopher', 'Adam', 'nadam@asu.edu', 'Password22!', 'student', 
'2017-03-10 08:12:00', 1, '2017-03-10 08:15:28'),
('todinson', 'Thor', NULL, 'Odinson', 'todinson@asu.edu', 'Password23!', 'student', 
'2017-03-10 10:31:27', 1, '2017-03-10 10:37:09'),
('nfury', 'Nicholas', 'Joseph', 'Fury', 'nfury@asu.edu', 'Password24!', 'student', 
'2017-03-10 14:01:55', 1, '2017-03-10 14:05:19'),
('cbarton', 'Clinton', 'Francis', 'Barton', 'cbarton@asu.edu', 'Password25!', 'student', 
'2017-03-11 11:11:00', 1, '2017-03-11 11:35:23'),
('ssummers', 'Scott', NULL, 'Summers', 'ssummers@asu.edu', 'Password26!', 'student', 
'2017-03-11 15:03:09', 1, '2017-03-11 15:22:30');

-- -----------------------------------------------------
-- Application Table
-- -----------------------------------------------------
INSERT INTO Application (AppID, PhoneNumber, MobileNumber, AddressOne, AddressTwo, 
AddressCountry, AddressCity, AddressState, AddressZip, EducationLevel, GPA, DegreeProgram,
isAcademicProbation, isFourPlusOne, isInternationalStudent, SpeakTest, FirstSession,
GraduationDate, TimeCommitment, isTA, isGrader, CurrentEmployer, WorkHours, isWorkedASU,
AppStatus, DateCreated, DateSubmitted, ModifiedDate, LastSaved, ASURITE_ID) VALUES
(1, '123-111-1111', '123-222-2222', '123 First Street', NULL, 'United States', 
'Central City', 'Missouri', 10001, 'Ph.D Computer Engineering', 4.2, 
'Electrical Engineering', 0, 0, 0, NULL, '2016-08-15', 'Spring 2020', '10 hours per week', 
1, 0, NULL, NULL, 1, 'complete', '2017-01-03 00:12:32', NULL, NULL, '/availability', 'ballen'),
(2, '231-232-1111', '231-222-2222', '1282 Washington Avenue', NULL, 'United States', 
'Star City', 'California', 20020, 'Ph.D Computer Science', 3.8, 'Computer Science', 0,
0, 0, NULL, '2014-08-15', 'Spring 2018', '20 hours per week', 1, 0, NULL, NULL, 0, 
'incomplete', '2017-01-05 23:45:08', NULL, NULL, '/languages', 'oqueen'),
(3, '342-443-1341', '342-234-1322', '1407 Graymalkin Lane', NULL, 'United States', 
'Salem Center', 'New York', 10501, 'M.S. Computer Engineering', 2.8, 'Computer Science', 1,
1, 1, 250, '2012-08-15', 'Spring 2017', '10 hours per week', 0, 1, NULL, NULL, 0, 
'incomplete', '2017-01-04 08:23:16', NULL, '2017-01-06 12:05:46', '/languages', 'jgrey'),
(4, '113-667-3291', '113-667-1322', '1675 Camp Street', NULL, 'United States', 
'Paradise Valley', 'Nevada', 89426, NULL, NULL, NULL, NULL, NULL, NULL, NULL, NULL, NULL, 
NULL, NULL, NULL, NULL, NULL, NULL, 'incomplete', '2017-03-04 10:22:18', NULL, NULL,
'/contact', 'jhowlett'),
(5, '341-897-5691', '341-897-1789', '111 Wayne Manor Street', NULL, 'United States', 
'Gotham City', 'New Jersey', 07001, 'M.S. Software Engineering', 3.7, 'Software Engineering', 
0, 0, 0, NULL, '2016-08-15', 'Spring 2018', NULL, NULL, NULL, NULL, NULL, NULL, 'incomplete', 
'2017-03-05 08:09:28', NULL, NULL, '/education', 'bwayne'),
(6, '341-234-6791', '341-234-6289', 'East Hills Avenue', NULL, 'United States', 
'Gotham City', 'New Jersey', 07001, 'Ph.D Computer Engineering', 3.9, 'Computer Engineering', 
0, 0, 0, NULL, '2015-08-15', 'Spring 2019', NULL, NULL, NULL, NULL, NULL, NULL, 'incomplete', 
'2017-03-05 08:09:28', NULL, NULL, '/employment', 'bgordon'),
(7, NULL, NULL, NULL, NULL, NULL, NULL, NULL, NULL, NULL, NULL, NULL, NULL, NULL, NULL, NULL,
NULL, NULL, NULL, NULL, NULL, NULL, NULL, NULL, NULL, '2017-03-06 14:12:45', NULL, NULL,
 '/', 'srogers'),
(8, '432-556-1334', '432-556-2231', '145 Maple Street', NULL, 'United States', 
'Smallville', 'Kansas', 67524, 'Ph.D Computer Science', 4.0, 'Computer Science', 0, 0, 0, 
NULL, '2014-08-15', 'Spring 2018', '20 hours per week', 1, 1, NULL, NULL, 0, 'complete', 
'2017-03-06 13:25:00', '2017-03-06 16:45:22', NULL, '/availability', 'ckent'),
(9, '456-788-7894', '456-788-5682', '521 Rome Avenue', NULL, 'United States', 
'Brooklyn', 'New York', 11207, 'Ph.D Computer Engineering', 4.3, 'Computer Engineering', 
0, 0, 0, NULL, '2016-08-15', 'Spring 2020', '20 hours per week', 1, 1, 'ASU', 20, 1, 
'complete', '2017-03-06 15:40:00', '2017-03-06 18:16:37', NULL, '/availability', 'pparker'),
(10, '555-232-2778', '555-232-7668', '114 8th Street', 'Apt. 330', 'United States', 
'Manhattan', 'New York', 10457, 'MSC Computer Science', 3.65, 'Computer Science', 
0, 0, 1, 240, '2016-08-15', 'Spring 2018', '10 hours per week', 0, 1, NULL, NULL, 0, 
'complete', '2017-03-07 08:25:00', '2017-03-07 13:16:58', NULL, '/availability', 'omunroe'),
(11, '765-432-9872', '765-432-3782', '192 3rd Street', 'Apt. 221', 'United States', 
'National City', 'Virginia', 20107, 'MS Software Engineering', 3.8, 'Software Engineering', 
0, 0, 0, NULL, '2016-08-15', 'Spring 2018', '20 hours per week', 0, 1, NULL, NULL, 0, 
'complete', '2017-03-07 10:32:39', '2017-03-07 10:32:39', NULL, '/availability', 'ldanvers'),
(12, '602-884-8923', '602-884-2351', '351 Andreas Avenue', NULL, 'United States', 
'Scottsdale', 'Arizona', 85250, 'MS Computer Science', 3.75, 'Computer Science', 
0, 0, 0, NULL, '2016-08-15', 'Spring 2018', '20 hours per week', 1, 0, NULL, NULL, 0,
'complete', '2017-03-08 12:10:11', '2017-03-08 15:22:00', NULL, '/availability', 'dprince'),
(13, '949-891-0278', '949-891-7648', '1691 Ocean Avenue', NULL, 'United States', 
'San Diego', 'California', 92163, 'MSC Computer Science', 3.67, 'Computer Science',
0, 0, 0, NULL, '2016-08-15', 'Spring 2018', '10 hours per week', 1, 0, 'ASU', 10, 1, 
'complete', '2017-03-09 09:32:07', '2017-03-09 13:08:57', NULL, '/availability', 'acurry'),
(14, '602-557-2891', '602-557-3721', '2761 Hendrix Avenue', NULL, 'United States', 
'Scottsdale', 'Arizona', 85250, 'Ph.D Computer Engineering', 3.9, 'Computer Engineering',
0, 0, 0, NULL, '2015-08-15', 'Spring 2019', '20 hours per week', 1, 1, NULL, NULL, 0, 
'complete', '2017-03-09 16:02:18', '2017-03-09 18:55:00', NULL, '/availability', 'jjones'),
(15, '978-841-4289', '978-841-1129', '1289 Bay Avenue', NULL, 'United States', 
'San Francisco', 'California', 94116, 'Ph.D Compter Science', 4.2, 'Computer Science', 
0, 0, 0, NULL, '2014-08-15', 'Spring 2018', '20 hours per week', 1, 1, NULL, NULL, 0, 
'complete', '2017-03-10 08:18:58', '2017-03-10 14:06:33', NULL, '/availability', 'nadam'),
(16, '602-822-1224', '602-822-8912', '8351 Maple Street', NULL, 'United States', 
'Scottsdale', 'Arizona', 85250, 'MS Computer Engineering', 3.62, 'Computer Engineering', 
0, 0, 0, NULL, '2016-08-15', 'Spring 2018', '20 hours per week', 1, 0, NULL, NULL, 0, 
'complete', '2017-03-10 10:38:44', '2017-03-10 13:55:00', NULL, '/availability', 'todinson'),
(17, '491-688-9877', '491-688-6632', '3578 Venice Street', NULL, 'United States', 
'Clinton', 'New York', 10718, 'Ph.D Computer Engineering', 3.8, 'Computer Engineering', 
0, 0, 0, NULL, '2015-03-08', 'Spring 2019', '20 hours per week', 1, 1, NULL, NULL, 0, 
'complete', '2017-03-10 14:18:34', '2017-03-10 16:37:09', NULL, '/availability', 'nfury'),
(18, '173-918-1778', '173-918-7212', '781 East Avenue', NULL, 'United States', 
'Waverly', 'Iowa', 50677, 'MS Computer Science', 3.65, 'Computer Science', 0, 0, 0, NULL,
'2016-03-08', 'Spring 2018', '20 hours per week', 1, 0, NULL, NULL, 0, 'complete', 
'2017-03-11 11:39:11', '2017-03-11 14:05:36', NULL, '/availability', 'cbarton'),
(19, '602-368-3871', '602-368-0201', '341 Katrina Street', NULL, 'United States', 
'Scottsdale', 'Arizona', 85250, 'MS Software Engineering', 3.9, 'Software Engineering', 
0, 0, 0, NULL, '2016-08-15', 'Spring 2018', '20 hours per week', 1, 1, NULL, NULL, 0, 
'complete', '2017-03-11 15:31:43', '2017-03-11 18:48:00', NULL, '/availability', 'ssummers');

-- -----------------------------------------------------
-- IDEs Table
-- -----------------------------------------------------
INSERT INTO IDEs (IDEid, isIDE, OtherIDE, ASURITE_ID) VALUES
(1, 'Android Studio', NULL, 'ballen'),
(2, 'Brackets', NULL, 'ballen'),
(3, 'IntelliJ', NULL, 'ballen'),
(4, 'NetBeans', NULL, 'ballen'),
(5, 'Xcode', NULL, 'ballen'),
(6, 'Android Studio', NULL, 'oqueen'),
(7, 'Brackets', NULL, 'oqueen'),
(8, 'IntelliJ', NULL, 'oqueen'),
(9, 'NetBeans', NULL, 'oqueen'),
(10, NULL, 'Eclipse', 'oqueen'),
(11, 'Android Studio', NULL, 'jgrey'),
(12, 'Brackets', NULL, 'jgrey'),
(13, 'IntelliJ', NULL, 'jgrey'),
(14, 'NetBeans', NULL, 'jgrey'),
(15, 'Xcode', NULL, 'jgrey'),
(16, NULL, 'Eclipse', 'jgrey'),
(17, NULL, 'Atom', 'jgrey'),
(18, 'Android Studio', NULL, 'ckent'),
(19, 'Brackets', NULL, 'ckent'),
(20, 'IntelliJ', NULL, 'ckent'),
(21, 'NetBeans', NULL, 'ckent'),
(22, 'Xcode', NULL, 'ckent'),
(23, NULL, 'Eclipse', 'ckent'),
(24, 'Android Studio', NULL, 'pparker'),
(25, 'Brackets', NULL, 'pparker'),
(26, 'IntelliJ', NULL, 'pparker'),
(27, 'NetBeans', NULL, 'pparker'),
(28, 'Xcode', NULL, 'pparker'),
(29, NULL, 'Eclipse', 'pparker'),
(30, 'Android Studio', NULL, 'omunroe'),
(31, 'Brackets', NULL, 'omunroe'),
(32, 'IntelliJ', NULL, 'omunroe'),
(33, 'NetBeans', NULL, 'omunroe'),
(34, 'Xcode', NULL, 'omunroe'),
(35, NULL, 'Eclipse', 'omunroe'),
(36, NULL, 'Atom', 'omunroe'),
(37, 'Android Studio', NULL, 'ldanvers'),
(38, 'Brackets', NULL, 'ldanvers'),
(39, 'IntelliJ', NULL, 'ldanvers'),
(40, 'Xcode', NULL, 'ldanvers'),
(41, 'Android Studio', NULL, 'dprince'),
(42, 'Brackets', NULL, 'dprince'),
(43, 'IntelliJ', NULL, 'dprince'),
(44, 'NetBeans', NULL, 'dprince'),
(45, 'Xcode', NULL, 'dprince'),
(46, NULL, 'Eclipse', 'dprince'),
(47, 'Android Studio', NULL, 'acurry'),
(48, 'Brackets', NULL, 'acurry'),
(49, 'IntelliJ', NULL, 'acurry'),
(50, 'NetBeans', NULL, 'acurry'),
(51, 'Xcode', NULL, 'acurry'),
(52, 'Android Studio', NULL, 'jjones'),
(53, 'Brackets', NULL, 'jjones'),
(54, 'NetBeans', NULL, 'jjones'),
(55, 'Xcode', NULL, 'jjones'),
(56, NULL, 'Eclipse', 'jjones'),
(57, 'Android Studio', NULL, 'nadam'),
(58, 'Brackets', NULL, 'nadam'),
(59, 'IntelliJ', NULL, 'nadam'),
(60, 'NetBeans', NULL, 'nadam'),
(61, 'Xcode', NULL, 'nadam'),
(62, NULL, 'Atom', 'nadam'),
(63, NULL, 'Eclipse', 'nadam'),
(64, 'Android Studio', NULL, 'todinson'),
(65, 'Brackets', NULL, 'todinson'),
(66, 'Xcode', NULL, 'todinson'),
(67, 'Android Studio', NULL, 'nfury'),
(68, 'Brackets', NULL, 'nfury'),
(69, 'Xcode', NULL, 'nfury'),
(70, NULL, 'Eclipse', 'nfury'),
(71, 'Android Studio', NULL, 'cbarton'),
(72, 'Brackets', NULL, 'cbarton'),
(73, 'NetBeans', NULL, 'cbarton'),
(74, 'Xcode', NULL, 'cbarton'),
(75, NULL, 'Atom', 'cbarton'),
(76, 'Android Studio', NULL, 'ssummers'),
(77, 'Brackets', NULL, 'ssummers'),
(78, 'IntelliJ', NULL, 'ssummers'),
(79, 'NetBeans', NULL, 'ssummers'),
(80, 'Xcode', NULL, 'ssummers'),
(81, NULL, 'Eclipse', 'ssummers'),
(82, NULL, 'Atom', 'ssummers');


-- -----------------------------------------------------
-- Collaborative Tools Table
-- -----------------------------------------------------
INSERT INTO Collaborative_Tools (ToolID, isTool, OtherTool, ASURITE_ID) VALUES
(1, 'GitHub', NULL, 'ballen'),
(2, 'Taiga', NULL, 'ballen'),
(3, 'Slack', NULL, 'ballen'),
(5, NULL, 'Skype', 'ballen'),
(6, NULL, 'Zoom', 'ballen'),
(7, 'GitHub', NULL, 'oqueen'),
(8, 'Taiga', NULL, 'oqueen'),
(9, 'Slack', NULL, 'oqueen'),
(10, NULL, 'Skype', 'oqueen'),
(11, NULL, 'Adobe Connect', 'oqueen'),
(12, 'GitHub', NULL, 'jgrey'),
(13, 'Taiga', NULL, 'jgrey'),
(14, 'Slack', NULL, 'jgrey'),
(15, NULL, 'Skype', 'jgrey'),
(16, 'GitHub', NULL, 'ckent'),
(17, 'Taiga', NULL, 'ckent'),
(18, 'Slack', NULL, 'ckent'),
(19, NULL, 'Skype', 'ckent'),
(20, 'GitHub', NULL, 'pparker'),
(21, 'Taiga', NULL, 'pparker'),
(22, 'Slack', NULL, 'pparker'),
(23, NULL, 'Skype', 'pparker'),
(24, NULL, 'Adobe Connect', 'pparker'),
(25, 'GitHub', NULL, 'omunroe'),
(26, 'Taiga', NULL, 'omunroe'),
(27, 'Slack', NULL, 'omunroe'),
(28, NULL, 'Skype', 'omunroe'),
(29, 'GitHub', NULL, 'ldanvers'),
(30, 'Slack', NULL, 'ldanvers'),
(31, NULL, 'Skype', 'ldanvers'),
(32, 'GitHub', NULL, 'dprince'),
(33, 'Taiga', NULL, 'dprince'),
(34, 'Slack', NULL, 'dprince'),
(35, 'GitHub', NULL, 'acurry'),
(36, 'Taiga', NULL, 'acurry'),
(37, 'Slack', NULL, 'acurry'),
(38, NULL, 'Skype', 'acurry'),
(39, 'GitHub', NULL, 'jjones'),
(40, 'Taiga', NULL, 'jjones'),
(41, 'Slack', NULL, 'jjones'),
(42, NULL, 'Skype', 'jjones'),
(43, 'GitHub', NULL, 'nadam'),
(44, 'Taiga', NULL, 'nadam'),
(45, 'Slack', NULL, 'nadam'),
(46, NULL, 'Skype', 'nadam'),
(47, NULL, 'Adobe Connect', 'nadam'),
(48, 'GitHub', NULL, 'todinson'),
(49, 'Slack', NULL, 'nadam'),
(50, NULL, 'Skype', 'todinson'),
(51, 'GitHub', NULL, 'nfury'),
(52, 'Taiga', NULL, 'nfury'),
(53, 'Slack', NULL, 'nfury'),
(54, 'GitHub', NULL, 'cbarton'),
(55, 'Taiga', NULL, 'cbarton'),
(56, NULL, 'Skype', 'cbarton'),
(57, 'GitHub', NULL, 'ssummers'),
(58, 'Taiga', NULL, 'ssummers'),
(59, 'Slack', NULL, 'ssummers'),
(60, NULL, 'Skype', 'ssummers'),
(61, NULL, 'Adobe Connect', 'ssummers');

-- -----------------------------------------------------
-- Course Competencies Table
-- -----------------------------------------------------
INSERT INTO Course_Competencies (CompetenciesID, isCourse, CourseTitle, CourseSelect, OtherCourse, 
OtherSelect, ASURITE_ID) VALUES
(1, 'ASU 101', 'The ASU Experience', 'Qualified', NULL, NULL, 'ballen'),
(2, 'FSE 100', 'Introduction to Engineering', 'Qualified', NULL, NULL, 'ballen'),
(3, 'CSE 110', 'Principles of Programming', 'Previously TA', NULL, NULL, 'ballen'),
(4, 'CSE 120', 'Digital Design Fundamentals', 'Previously Grader', NULL, NULL, 'ballen'),
(5, 'CSE 205', 'Object-Oriented Programming and Data Structures', 'Qualified', NULL, NULL, 'ballen'),
(6, 'CSE 230', 'Computer Organization and Assembly Language Programming', 'Prefer', NULL, NULL, 'ballen'),
(7, 'CSE 240', 'Introduction to Programming Languages', 'Qualified', NULL, NULL, 'ballen'),
(8, 'SER 215', 'Software Enterprise: Personal Process', 'Qualified', NULL, NULL, 'ballen'),
(9, 'SER 216', 'Software Enterprise: Testing and Quality', 'Prefer', NULL, NULL, 'ballen'),
(10, 'SER 222', 'Design and Analysis of Data Structures and Algorithms', 'Qualified', NULL, NULL, 'ballen'),
(11, 'SER 315', 'Software Enterprise: Design and Process', 'Qualified', NULL, NULL, 'ballen'),
(12, 'SER 316', 'Software Enterprise: Construction and Transition', 'Qualified', NULL, NULL, 'ballen'),
(13, 'SER 321', 'Principles of Distributed Software Systems', 'Qualified', NULL, NULL, 'ballen'),
(14, 'SER 322', 'Principles of Database Management', 'Qualified', NULL, NULL, 'ballen'),
(15, 'SER 334', 'Operating Systems and Networks', 'Qualified', NULL, NULL, 'ballen'),
(16, 'SER 401', 'Computing Capstone Project I', 'Qualified', NULL, NULL, 'ballen'),
(17, 'SER 402', 'Computing Capstone Project II', 'Qualified', NULL, NULL, 'ballen'),
(18, 'SER 415', 'Software Enterprise: Inception and Elaboration', 'Qualified', NULL, NULL, 'ballen'),
(19, 'SER 416', 'Software Enterprise: Project and Process Management', 'Qualified', NULL, NULL, 'ballen'),
(20, 'ASU 101', 'The ASU Experience', 'Qualified', NULL, NULL, 'ckent'),
(21, 'SER 421', 'Web-Based Applications and Mobile Systems', 'Qualified', NULL, NULL, 'ckent'),
(22, 'FSE 100', 'Introduction to Engineering', 'Qualified', NULL, NULL, 'ckent'),
(23, 'SER 422', 'Web Application Programming', 'Qualified', NULL, NULL, 'ckent'),
(24, 'CSE 110', 'Principles of Programming', 'Qualified', NULL, NULL, 'ckent'),
(25, 'CSE 423', 'Systems Capstone Project I', 'Qualified', NULL, NULL, 'ckent'),
(26, 'CSE 120', 'Digital Design Fundamentals', 'Qualified', NULL, NULL, 'ckent'),
(27, 'CSE 205', 'Object-Oriented Programming and Data Structures', 'Qualified', NULL, NULL, 'ckent'),
(28, 'CSE 230', 'Computer Organization and Assembly Language Programming', 'Qualified', NULL, NULL, 'ckent'),
(29, 'CSE 240', 'Introduction to Programming Languages', 'Qualified', NULL, NULL, 'ckent'),
(30, 'SER 215', 'Software Enterprise: Personal Process', 'Prefer', NULL, NULL, 'ckent'),
(31, 'SER 216', 'Software Enterprise: Testing and Quality', 'Prefer', NULL, NULL, 'ckent'),
(32, 'SER 222', 'Design and Analysis of Data Structures and Algorithms', 'Qualified', NULL, NULL, 'ckent'),
(33, 'SER 315', 'Software Enterprise: Design and Process', 'Qualified', NULL, NULL, 'ballen'),
(34, 'SER 316', 'Software Enterprise: Construction and Transition', 'Qualified', NULL, NULL, 'ckent'),
(35, 'SER 321', 'Principles of Distributed Software Systems', 'Qualified', NULL, NULL, 'ckent'),
(36, 'SER 322', 'Principles of Database Management', 'Qualified', NULL, NULL, 'ckent'),
(37, 'SER 401', 'Computing Capstone Project I', 'Prefer', NULL, NULL, 'ckent'),
(38, 'SER 402', 'Computing Capstone Project II', 'Prefer', NULL, NULL, 'ckent'),
(39, 'SER 415', 'Software Enterprise: Inception and Elaboration', 'Prefer', NULL, NULL, 'ckent'),
(40, 'SER 416', 'Software Enterprise: Project and Process Management', 'Prefer', NULL, NULL, 'ckent'),
(41, 'ASU 101', 'The ASU Experience', 'Qualified', NULL, NULL, 'pparker'),
(42, 'SER 421', 'Web-Based Applications and Mobile Systems', 'Previously TA', NULL, NULL, 'pparker'),
(43, 'FSE 100', 'Introduction to Engineering', 'Qualified', NULL, NULL, 'pparker'),
(44, 'SER 422', 'Web Application Programming', 'Qualified', NULL, NULL, 'pparker'),
(45, 'CSE 110', 'Principles of Programming', 'Qualified', NULL, NULL, 'pparker'),
(46, 'CSE 423', 'Systems Capstone Project I', 'Qualified', NULL, NULL, 'pparker'),
(47, 'CSE 120', 'Digital Design Fundamentals', 'Qualified', NULL, NULL, 'pparker'),
(48, 'CSE 205', 'Object-Oriented Programming and Data Structures', 'Qualified', NULL, NULL, 'pparker'),
(49, 'SER 432', 'Game Engine Architecture', 'Qualified', NULL, NULL, 'pparker'),
(50, 'CSE 230', 'Computer Organization and Assembly Language Programming', 'Qualified', NULL, NULL, 'pparker'),
(51, 'SER 450', 'Computer Architecture', 'Qualified', NULL, NULL, 'pparker'),
(52, 'CSE 240', 'Introduction to Programming Languages', 'Qualified', NULL, NULL, 'pparker'),
(53, 'SER 215', 'Software Enterprise: Personal Process', 'Previously Grader', NULL, NULL, 'pparker'),
(54, 'SER 216', 'Software Enterprise: Testing and Quality', 'Qualified', NULL, NULL, 'pparker'),
(55, 'SER 222', 'Design and Analysis of Data Structures and Algorithms', 'Qualified', NULL, NULL, 'pparker'),
(56, 'SER 315', 'Software Enterprise: Design and Process', 'Qualified', NULL, NULL, 'pparker'),
(57, 'SER 316', 'Software Enterprise: Construction and Transition', 'Qualified', NULL, NULL, 'pparker'),
(58, 'SER 321', 'Principles of Distributed Software Systems', 'Prefer', NULL, NULL, 'pparker'),
(59, 'SER 322', 'Principles of Database Management', 'Prefer', NULL, NULL, 'pparker'),
(60, 'SER 332', 'Introduction to Graphics and Game Development', 'Prefer', NULL, NULL, 'pparker'),
(61, 'SER 334', 'Operating Systems and Networks', 'Qualified', NULL, NULL, 'pparker'),
(62, 'SER 401', 'Computing Capstone Project I', 'Prefer', NULL, NULL, 'pparker'),
(63, 'SER 402', 'Computing Capstone Project II', 'Prefer', NULL, NULL, 'pparker'),
(64, 'SER 415', 'Software Enterprise: Inception and Elaboration', 'Prefer', NULL, NULL, 'pparker'),
(65, 'SER 416', 'Software Enterprise: Project and Process Management', 'Prefer', NULL, NULL, 'pparker'),
(66, 'ASU 101', 'The ASU Experience', 'Qualified', NULL, NULL, 'omunroe'),
(67, 'SER 421', 'Web-Based Applications and Mobile Systems', 'Qualified', NULL, NULL, 'omunroe'),
(68, 'FSE 100', 'Introduction to Engineering', 'Qualified', NULL, NULL, 'omunroe'),
(69, 'SER 422', 'Web Application Programming', 'Qualified', NULL, NULL, 'omunroe'),
(70, 'CSE 110', 'Principles of Programming', 'Qualified', NULL, NULL, 'omunroe'),
(71, 'CSE 120', 'Digital Design Fundamentals', 'Qualified', NULL, NULL, 'omunroe'),
(72, 'CSE 205', 'Object-Oriented Programming and Data Structures', 'Qualified', NULL, NULL, 'omunroe'),
(73, 'CSE 230', 'Computer Organization and Assembly Language Programming', 'Qualified', NULL, NULL, 'omunroe'),
(74, 'CSE 240', 'Introduction to Programming Languages', 'Qualified', NULL, NULL, 'omunroe'),
(75, 'SER 215', 'Software Enterprise: Personal Process', 'Prefer', NULL, NULL, 'omunroe'),
(76, 'SER 216', 'Software Enterprise: Testing and Quality', 'Prefer', NULL, NULL, 'omunroe'),
(77, 'SER 222', 'Design and Analysis of Data Structures and Algorithms', 'Qualified', NULL, NULL, 'omunroe'),
(78, 'SER 315', 'Software Enterprise: Design and Process', 'Qualified', NULL, NULL, 'omunroe'),
(79, 'SER 316', 'Software Enterprise: Construction and Transition', 'Qualified', NULL, NULL, 'omunroe'),
(80, 'SER 321', 'Principles of Distributed Software Systems', 'Qualified', NULL, NULL, 'omunroe'),
(81, 'SER 322', 'Principles of Database Management', 'Prefer', NULL, NULL, 'omunroe'),
(82, 'SER 332', 'Introduction to Graphics and Game Development', 'Qualified', NULL, NULL, 'omunroe'),
(83, 'SER 334', 'Operating Systems and Networks', 'Qualified', NULL, NULL, 'omunroe'),
(84, 'SER 401', 'Computing Capstone Project I', 'Prefer', NULL, NULL, 'omunroe'),
(85, 'SER 402', 'Computing Capstone Project II', 'Prefer', NULL, NULL, 'omunroe'),
(86, 'SER 415', 'Software Enterprise: Inception and Elaboration', 'Qualified', NULL, NULL, 'omunroe'),
(87, 'SER 416', 'Software Enterprise: Project and Process Management', 'Qualified', NULL, NULL, 'omunroe'),
(88, 'ASU 101', 'The ASU Experience', 'Qualified', NULL, NULL, 'ldanvers'),
(89, 'SER 421', 'Web-Based Applications and Mobile Systems', 'Qualified', NULL, NULL, 'ldanvers'),
(90, 'FSE 100', 'Introduction to Engineering', 'Qualified', NULL, NULL, 'ldanvers'),
(91, 'SER 422', 'Web Application Programming', 'Qualified', NULL, NULL, 'ldanvers'),
(92, 'CSE 110', 'Principles of Programming', 'Prefer', NULL, NULL, 'ldanvers'),
(93, 'CSE 120', 'Digital Design Fundamentals', 'Qualified', NULL, NULL, 'ldanvers'),
(94, 'CSE 205', 'Object-Oriented Programming and Data Structures', 'Qualified', NULL, NULL, 'ldanvers'),
(95, 'CSE 240', 'Introduction to Programming Languages', 'Qualified', NULL, NULL, 'ldanvers'),
(96, 'SER 215', 'Software Enterprise: Personal Process', 'Prefer', NULL, NULL, 'ldanvers'),
(97, 'SER 216', 'Software Enterprise: Testing and Quality', 'Prefer', NULL, NULL, 'ldanvers'),
(98, 'SER 222', 'Design and Analysis of Data Structures and Algorithms', 'Prefer', NULL, NULL, 'ldanvers'),
(99, 'SER 315', 'Software Enterprise: Design and Process', 'Qualified', NULL, NULL, 'ldanvers'),
(100, 'SER 316', 'Software Enterprise: Construction and Transition', 'Qualified', NULL, NULL, 'ldanvers'),
(101, 'SER 321', 'Principles of Distributed Software Systems', 'Qualified', NULL, NULL, 'ldanvers'),
(102, 'SER 322', 'Principles of Database Management', 'Qualified', NULL, NULL, 'ldanvers'),
(103, 'SER 332', 'Introduction to Graphics and Game Development', 'Qualified', NULL, NULL, 'ldanvers'),
(104, 'SER 334', 'Operating Systems and Networks', 'Qualified', NULL, NULL, 'ldanvers'),
(105, 'SER 401', 'Computing Capstone Project I', 'Qualified', NULL, NULL, 'ldanvers'),
(106, 'SER 402', 'Computing Capstone Project II', 'Qualified', NULL, NULL, 'ldanvers'),
(107, 'SER 415', 'Software Enterprise: Inception and Elaboration', 'Qualified', NULL, NULL, 'ldanvers'),
(108, 'SER 416', 'Software Enterprise: Project and Process Management', 'Qualified', NULL, NULL, 'ldanvers'),
(109, 'ASU 101', 'The ASU Experience', 'Qualified', NULL, NULL, 'dprince'),
(110, 'SER 421', 'Web-Based Applications and Mobile Systems', 'Prefer', NULL, NULL, 'dprince'),
(111, 'FSE 100', 'Introduction to Engineering', 'Qualified', NULL, NULL, 'dprince'),
(112, 'SER 422', 'Web Application Programming', 'Qualified', NULL, NULL, 'dprince'),
(113, 'CSE 110', 'Principles of Programming', 'Qualified', NULL, NULL, 'dprince'),
(114, 'CSE 120', 'Digital Design Fundamentals', 'Qualified', NULL, NULL, 'dprince'),
(115, 'CSE 205', 'Object-Oriented Programming and Data Structures', 'Qualified', NULL, NULL, 'dprince'),
(116, 'CSE 230', 'Computer Organization and Assembly Language Programming', 'Qualified', NULL, NULL, 'dprince'),
(117, 'CSE 240', 'Introduction to Programming Languages', 'Qualified', NULL, NULL, 'dprince'),
(118, 'SER 215', 'Software Enterprise: Personal Process', 'Qualified', NULL, NULL, 'dprince'),
(119, 'SER 216', 'Software Enterprise: Testing and Quality', 'Qualified', NULL, NULL, 'dprince'),
(120, 'SER 222', 'Design and Analysis of Data Structures and Algorithms', 'Qualified', NULL, NULL, 'dprince'),
(121, 'SER 315', 'Software Enterprise: Design and Process', 'Qualified', NULL, NULL, 'dprince'),
(122, 'SER 316', 'Software Enterprise: Construction and Transition', 'Qualified', NULL, NULL, 'dprince'),
(123, 'SER 321', 'Principles of Distributed Software Systems', 'Qualified', NULL, NULL, 'dprince'),
(124, 'SER 322', 'Principles of Database Management', 'Qualified', NULL, NULL, 'dprince'),
(125, 'SER 332', 'Introduction to Graphics and Game Development', 'Qualified', NULL, NULL, 'dprince'),
(126, 'SER 334', 'Operating Systems and Networks', 'Qualified', NULL, NULL, 'dprince'),
(127, 'SER 401', 'Computing Capstone Project I', 'Prefer', NULL, NULL, 'dprince'),
(128, 'SER 402', 'Computing Capstone Project II', 'Prefer', NULL, NULL, 'dprince'),
(129, 'SER 415', 'Software Enterprise: Inception and Elaboration', 'Qualified', NULL, NULL, 'dprince'),
(130, 'SER 416', 'Software Enterprise: Project and Process Management', 'Qualified', NULL, NULL, 'dprince'),
(131, 'ASU 101', 'The ASU Experience', 'Qualified', NULL, NULL, 'acurry'),
(132, 'FSE 100', 'Introduction to Engineering', 'Qualified', NULL, NULL, 'acurry'),
(133, 'CSE 110', 'Principles of Programming', 'Qualified', NULL, NULL, 'acurry'),
(134, 'CSE 120', 'Digital Design Fundamentals', 'Qualified', NULL, NULL, 'acurry'),
(135, 'CSE 205', 'Object-Oriented Programming and Data Structures', 'Qualified', NULL, NULL, 'acurry'),
(136, 'CSE 230', 'Computer Organization and Assembly Language Programming', 'Qualified', NULL, NULL, 'acurry'),
(137, 'CSE 240', 'Introduction to Programming Languages', 'Qualified', NULL, NULL, 'acurry'),
(138, 'SER 215', 'Software Enterprise: Personal Process', 'Qualified', NULL, NULL, 'acurry'),
(139, 'SER 216', 'Software Enterprise: Testing and Quality', 'Qualified', NULL, NULL, 'acurry'),
(140, 'SER 222', 'Design and Analysis of Data Structures and Algorithms', 'Qualified', NULL, NULL, 'acurry'),
(141, 'SER 315', 'Software Enterprise: Design and Process', 'Previously TA', NULL, NULL, 'acurry'),
(142, 'SER 316', 'Software Enterprise: Construction and Transition', 'Prefer', NULL, NULL, 'acurry'),
(143, 'SER 321', 'Principles of Distributed Software Systems', 'Qualified', NULL, NULL, 'acurry'),
(144, 'SER 322', 'Principles of Database Management', 'Prefer', NULL, NULL, 'acurry'),
(145, 'SER 332', 'Introduction to Graphics and Game Development', 'Qualified', NULL, NULL, 'acurry'),
(146, 'SER 334', 'Operating Systems and Networks', 'Qualified', NULL, NULL, 'acurry'),
(147, 'ASU 101', 'The ASU Experience', 'Qualified', NULL, NULL, 'jjones'),
(148, 'SER 421', 'Web-Based Applications and Mobile Systems', 'Qualified', NULL, NULL, 'jjones'),
(149, 'FSE 100', 'Introduction to Engineering', 'Qualified', NULL, NULL, 'jjones'),
(150, 'SER 422', 'Web Application Programming', 'Qualified', NULL, NULL, 'jjones'),
(151, 'CSE 110', 'Principles of Programming', 'Qualified', NULL, NULL, 'jjones'),
(152, 'CSE 423', 'Systems Capstone Project I', 'Qualified', NULL, NULL, 'jjones'),
(153, 'CSE 120', 'Digital Design Fundamentals', 'Qualified', NULL, NULL, 'jjones'),
(154, 'CSE 205', 'Object-Oriented Programming and Data Structures', 'Qualified', NULL, NULL, 'jjones'),
(155, 'SER 432', 'Game Engine Architecture', 'Qualified', NULL, NULL, 'jjones'),
(156, 'CSE 230', 'Computer Organization and Assembly Language Programming', 'Qualified', NULL, NULL, 'jjones'),
(157, 'SER 450', 'Computer Architecture', 'Qualified', NULL, NULL, 'jjones'),
(158, 'CSE 240', 'Introduction to Programming Languages', 'Qualified', NULL, NULL, 'jjones'),
(159, 'SER 456', 'Embedded Interfaces: Sensors and Actuators', 'Qualified', NULL, NULL, 'jjones'),
(160, 'SER 215', 'Software Enterprise: Personal Process', 'Prefer', NULL, NULL, 'jjones'),
(161, 'SER 216', 'Software Enterprise: Testing and Quality', 'Prefer', NULL, NULL, 'jjones'),
(162, 'SER 222', 'Design and Analysis of Data Structures and Algorithms', 'Qualified', NULL, NULL, 'jjones'),
(163, 'SER 315', 'Software Enterprise: Design and Process', 'Qualified', NULL, NULL, 'jjones'),
(164, 'SER 316', 'Software Enterprise: Construction and Transition', 'Qualified', NULL, NULL, 'jjones'),
(165, 'SER 321', 'Principles of Distributed Software Systems', 'Qualified', NULL, NULL, 'jjones'),
(166, 'SER 322', 'Principles of Database Management', 'Qualified', NULL, NULL, 'jjones'),
(167, 'SER 332', 'Introduction to Graphics and Game Development', 'Qualified', NULL, NULL, 'jjones'),
(168, 'SER 334', 'Operating Systems and Networks', 'Qualified', NULL, NULL, 'jjones'),
(169, 'SER 401', 'Computing Capstone Project I', 'Prefer', NULL, NULL, 'jjones'),
(170, 'SER 402', 'Computing Capstone Project II', 'Prefer', NULL, NULL, 'jjones'),
(171, 'SER 415', 'Software Enterprise: Inception and Elaboration', 'Prefer', NULL, NULL, 'jjones'),
(172, 'SER 416', 'Software Enterprise: Project and Process Management', 'Prefer', NULL, NULL, 'jjones'),
(173, 'ASU 101', 'The ASU Experience', 'Qualified', NULL, NULL, 'nadam'),
(174, 'SER 421', 'Web-Based Applications and Mobile Systems', 'Qualified', NULL, NULL, 'nadam'),
(175, 'FSE 100', 'Introduction to Engineering', 'Qualified', NULL, NULL, 'nadam'),
(176, 'SER 422', 'Web Application Programming', 'Qualified', NULL, NULL, 'nadam'),
(177, 'CSE 110', 'Principles of Programming', 'Qualified', NULL, NULL, 'nadam'),
(178, 'CSE 423', 'Systems Capstone Project I', 'Prefer', NULL, NULL, 'nadam'),
(179, 'CSE 120', 'Digital Design Fundamentals', 'Prefer', NULL, NULL, 'nadam'),
(180, 'CSE 205', 'Object-Oriented Programming and Data Structures', 'Qualified', NULL, NULL, 'nadam'),
(181, 'SER 432', 'Game Engine Architecture', 'Qualified', NULL, NULL, 'nadam'),
(182, 'CSE 230', 'Computer Organization and Assembly Language Programming', 'Qualified', NULL, NULL, 'nadam'),
(183, 'SER 450', 'Computer Architecture', 'Qualified', NULL, NULL, 'nadam'),
(184, 'CSE 240', 'Introduction to Programming Languages', 'Qualified', NULL, NULL, 'nadam'),
(185, 'SER 456', 'Embedded Interfaces: Sensors and Actuators', 'Qualified', NULL, NULL, 'nadam'),
(186, 'SER 215', 'Software Enterprise: Personal Process', 'Qualified', NULL, NULL, 'nadam'),
(187, 'SER 486', 'Embedded C Programming', 'Qualified', NULL, NULL, 'nadam'),
(188, 'SER 216', 'Software Enterprise: Testing and Quality', 'Qualified', NULL, NULL, 'nadam'),
(189, 'SER 222', 'Design and Analysis of Data Structures and Algorithms', 'Qualified', NULL, NULL, 'nadam'),
(190, 'SER 315', 'Software Enterprise: Design and Process', 'Qualified', NULL, NULL, 'nadam'),
(191, 'SER 316', 'Software Enterprise: Construction and Transition', 'Qualified', NULL, NULL, 'nadam'),
(192, 'SER 321', 'Principles of Distributed Software Systems', 'Qualified', NULL, NULL, 'nadam'),
(193, 'SER 322', 'Principles of Database Management', 'Qualified', NULL, NULL, 'nadam'),
(194, 'SER 332', 'Introduction to Graphics and Game Development', 'Qualified', NULL, NULL, 'nadam'),
(195, 'SER 334', 'Operating Systems and Networks', 'Qualified', NULL, NULL, 'nadam'),
(196, 'SER 401', 'Computing Capstone Project I', 'Qualified', NULL, NULL, 'nadam'),
(197, 'SER 402', 'Computing Capstone Project II', 'Qualified', NULL, NULL, 'nadam'),
(198, 'SER 415', 'Software Enterprise: Inception and Elaboration', 'Qualified', NULL, NULL, 'nadam'),
(199, 'SER 416', 'Software Enterprise: Project and Process Management', 'Qualified', NULL, NULL, 'nadam'),
(200, 'ASU 101', 'The ASU Experience', 'Qualified', NULL, NULL, 'todinson'),
(201, 'FSE 100', 'Introduction to Engineering', 'Qualified', NULL, NULL, 'todinson'),
(202, 'CSE 110', 'Principles of Programming', 'Qualified', NULL, NULL, 'todinson'),
(203, 'CSE 120', 'Digital Design Fundamentals', 'Qualified', NULL, NULL, 'todinson'),
(204, 'CSE 205', 'Object-Oriented Programming and Data Structures', 'Qualified', NULL, NULL, 'todinson'),
(205, 'CSE 230', 'Computer Organization and Assembly Language Programming', 'Qualified', NULL, NULL, 'todinson'),
(206, 'CSE 240', 'Introduction to Programming Languages', 'Qualified', NULL, NULL, 'todinson'),
(207, 'SER 215', 'Software Enterprise: Personal Process', 'Qualified', NULL, NULL, 'todinson'),
(208, 'SER 216', 'Software Enterprise: Testing and Quality', 'Qualified', NULL, NULL, 'todinson'),
(209, 'SER 222', 'Design and Analysis of Data Structures and Algorithms', 'Prefer', NULL, NULL, 'todinson'),
(210, 'SER 315', 'Software Enterprise: Design and Process', 'Prefer', NULL, NULL, 'todinson'),
(211, 'SER 316', 'Software Enterprise: Construction and Transition', 'Qualified', NULL, NULL, 'todinson'),
(212, 'SER 321', 'Principles of Distributed Software Systems', 'Prefer', NULL, NULL, 'todinson'),
(213, 'SER 322', 'Principles of Database Management', 'Qualified', NULL, NULL, 'todinson'),
(214, 'SER 332', 'Introduction to Graphics and Game Development', 'Qualified', NULL, NULL, 'todinson'),
(215, 'SER 334', 'Operating Systems and Networks', 'Qualified', NULL, NULL, 'todinson'),
(216, 'ASU 101', 'The ASU Experience', 'Qualified', NULL, NULL, 'nfury'),
(217, 'SER 421', 'Web-Based Applications and Mobile Systems', 'Qualified', NULL, NULL, 'nfury'),
(218, 'FSE 100', 'Introduction to Engineering', 'Qualified', NULL, NULL, 'nfury'),
(219, 'SER 422', 'Web Application Programming', 'Qualified', NULL, NULL, 'nfury'),
(220, 'CSE 110', 'Principles of Programming', 'Qualified', NULL, NULL, 'nfury'),
(221, 'CSE 120', 'Digital Design Fundamentals', 'Qualified', NULL, NULL, 'nfury'),
(222, 'CSE 205', 'Object-Oriented Programming and Data Structures', 'Qualified', NULL, NULL, 'nfury'),
(223, 'CSE 230', 'Computer Organization and Assembly Language Programming', 'Qualified', NULL, NULL, 'nfury'),
(224, 'CSE 240', 'Introduction to Programming Languages', 'Qualified', NULL, NULL, 'nfury'),
(225, 'SER 215', 'Software Enterprise: Personal Process', 'Qualified', NULL, NULL, 'nfury'),
(226, 'SER 486', 'Embedded C Programming', 'Qualified', NULL, NULL, 'nfury'),
(227, 'SER 216', 'Software Enterprise: Testing and Quality', 'Qualified', NULL, NULL, 'nfury'),
(228, 'SER 222', 'Design and Analysis of Data Structures and Algorithms', 'Qualified', NULL, NULL, 'nfury'),
(229, 'SER 315', 'Software Enterprise: Design and Process', 'Qualified', NULL, NULL, 'nfury'),
(230, 'SER 316', 'Software Enterprise: Construction and Transition', 'Qualified', NULL, NULL, 'nfury'),
(231, 'SER 321', 'Principles of Distributed Software Systems', 'Qualified', NULL, NULL, 'nfury'),
(232, 'SER 322', 'Principles of Database Management', 'Qualified', NULL, NULL, 'nfury'),
(233, 'SER 332', 'Introduction to Graphics and Game Development', 'Qualified', NULL, NULL, 'nfury'),
(234, 'SER 334', 'Operating Systems and Networks', 'Qualified', NULL, NULL, 'nfury'),
(235, 'SER 401', 'Computing Capstone Project I', 'Prefer', NULL, NULL, 'nfury'),
(236, 'SER 402', 'Computing Capstone Project II', 'Prefer', NULL, NULL, 'nfury'),
(237, 'SER 415', 'Software Enterprise: Inception and Elaboration', 'Prefer', NULL, NULL, 'nfury'),
(238, 'SER 416', 'Software Enterprise: Project and Process Management', 'Prefer', NULL, NULL, 'nfury'),
(239, 'ASU 101', 'The ASU Experience', 'Qualified', NULL, NULL, 'cbarton'),
(240, 'SER 421', 'Web-Based Applications and Mobile Systems', 'Qualified', NULL, NULL, 'cbarton'),
(241, 'FSE 100', 'Introduction to Engineering', 'Qualified', NULL, NULL, 'cbarton'),
(242, 'SER 422', 'Web Application Programming', 'Qualified', NULL, NULL, 'cbarton'),
(243, 'CSE 110', 'Principles of Programming', 'Qualified', NULL, NULL, 'cbarton'),
(244, 'CSE 423', 'Systems Capstone Project I', 'Qualified', NULL, NULL, 'cbarton'),
(245, 'CSE 120', 'Digital Design Fundamentals', 'Qualified', NULL, NULL, 'cbarton'),
(246, 'CSE 205', 'Object-Oriented Programming and Data Structures', 'Qualified', NULL, NULL, 'cbarton'),
(247, 'CSE 230', 'Computer Organization and Assembly Language Programming', 'Qualified', NULL, NULL, 'cbarton'),
(248, 'CSE 240', 'Introduction to Programming Languages', 'Qualified', NULL, NULL, 'cbarton'),
(249, 'SER 456', 'Embedded Interfaces: Sensors and Actuators', 'Qualified', NULL, NULL, 'cbarton'),
(250, 'SER 215', 'Software Enterprise: Personal Process', 'Qualified', NULL, NULL, 'cbarton'),
(251, 'SER 216', 'Software Enterprise: Testing and Quality', 'Qualified', NULL, NULL, 'cbarton'),
(252, 'SER 222', 'Design and Analysis of Data Structures and Algorithms', 'Qualified', NULL, NULL, 'cbarton'),
(253, 'SER 315', 'Software Enterprise: Design and Process', 'Prefer', NULL, NULL, 'cbarton'),
(254, 'SER 316', 'Software Enterprise: Construction and Transition', 'Prefer', NULL, NULL, 'cbarton'),
(255, 'SER 321', 'Principles of Distributed Software Systems', 'Qualified', NULL, NULL, 'cbarton'),
(256, 'SER 322', 'Principles of Database Management', 'Qualified', NULL, NULL, 'cbarton'),
(257, 'SER 332', 'Introduction to Graphics and Game Development', 'Qualified', NULL, NULL, 'cbarton'),
(258, 'SER 334', 'Operating Systems and Networks', 'Qualified', NULL, NULL, 'cbarton'),
(259, 'SER 401', 'Computing Capstone Project I', 'Prefer', NULL, NULL, 'cbarton'),
(260, 'SER 402', 'Computing Capstone Project II', 'Prefer', NULL, NULL, 'cbarton'),
(261, 'SER 415', 'Software Enterprise: Inception and Elaboration', 'Qualified', NULL, NULL, 'cbarton'),
(262, 'SER 416', 'Software Enterprise: Project and Process Management', 'Qualified', NULL, NULL, 'cbarton'),
(263, 'ASU 101', 'The ASU Experience', 'Qualified', NULL, NULL, 'ssummers'),
(264, 'SER 421', 'Web-Based Applications and Mobile Systems', 'Qualified', NULL, NULL, 'ssummers'),
(265, 'FSE 100', 'Introduction to Engineering', 'Qualified', NULL, NULL, 'ssummers'),
(266, 'SER 422', 'Web Application Programming', 'Qualified', NULL, NULL, 'ssummers'),
(267, 'CSE 110', 'Principles of Programming', 'Qualified', NULL, NULL, 'ssummers'),
(268, 'CSE 423', 'Systems Capstone Project I', 'Qualified', NULL, NULL, 'ssummers'),
(269, 'CSE 120', 'Digital Design Fundamentals', 'Qualified', NULL, NULL, 'ssummers'),
(270, 'CSE 205', 'Object-Oriented Programming and Data Structures', 'Qualified', NULL, NULL, 'ssummers'),
(271, 'SER 432', 'Game Engine Architecture', 'Qualified', NULL, NULL, 'ssummers'),
(272, 'CSE 230', 'Computer Organization and Assembly Language Programming', 'Qualified', NULL, NULL, 'ssummers'),
(273, 'SER 450', 'Computer Architecture', 'Qualified', NULL, NULL, 'ssummers'),
(274, 'CSE 240', 'Introduction to Programming Languages', 'Qualified', NULL, NULL, 'ssummers'),
(275, 'SER 456', 'Embedded Interfaces: Sensors and Actuators', 'Qualified', NULL, NULL, 'ssummers'),
(276, 'SER 215', 'Software Enterprise: Personal Process', 'Qualified', NULL, NULL, 'ssummers'),
(277, 'SER 486', 'Embedded C Programming', 'Qualified', NULL, NULL, 'ssummers'),
(278, 'SER 216', 'Software Enterprise: Testing and Quality', 'Qualified', NULL, NULL, 'ssummers'),
(279, 'SER 222', 'Design and Analysis of Data Structures and Algorithms', 'Qualified', NULL, NULL, 'ssummers'),
(280, 'SER 315', 'Software Enterprise: Design and Process', 'Qualified', NULL, NULL, 'ssummers'),
(281, 'SER 316', 'Software Enterprise: Construction and Transition', 'Qualified', NULL, NULL, 'ssummers'),
(282, 'SER 321', 'Principles of Distributed Software Systems', 'Prefer', NULL, NULL, 'ssummers'),
(283, 'SER 517', 'Software Factory I', 'Qualified', NULL, NULL, 'ssummers'),
(284, 'SER 322', 'Principles of Database Management', 'Prefer', NULL, NULL, 'ssummers'),
(285, 'SER 332', 'Introduction to Graphics and Game Development', 'Qualified', NULL, NULL, 'ssummers'),
(286, 'SER 334', 'Operating Systems and Networks', 'Prefer', NULL, NULL, 'ssummers'),
(287, 'SER 401', 'Computing Capstone Project I', 'Qualified', NULL, NULL, 'ssummers'),
(288, 'SER 402', 'Computing Capstone Project II', 'Qualified', NULL, NULL, 'ssummers'),
(289, 'SER 415', 'Software Enterprise: Inception and Elaboration', 'Qualified', NULL, NULL, 'ssummers'),
(290, 'SER 416', 'Software Enterprise: Project and Process Management', 'Qualified', NULL, NULL, 'ssummers');


-- -----------------------------------------------------
-- Languages Table
-- -----------------------------------------------------
INSERT INTO Languages (LanguagesID, isLanguage, LanguageLevel, OtherLanguage, OtherLevel, ASURITE_ID) VALUES
(1, 'C', 'Proficient', NULL, NULL, 'ballen'),
(2, 'C++', 'Expert', NULL, NULL, 'ballen'),
(3, 'CSS', 'Expert', NULL, NULL, 'ballen'),
(4, 'HTML', 'Expert', NULL, NULL, 'ballen'),
(5, 'Java', 'Novice', NULL, NULL, 'ballen'),
(6, 'JavaScript', 'Proficient', NULL, NULL, 'ballen'),
(7, 'JSON', 'Proficient', NULL, NULL, 'ballen'),
(8, 'Python', 'Expert', NULL, NULL, 'ballen'),
(9, 'SQL', 'Proficient', NULL, NULL, 'ballen'),
(10, 'Verilog', 'Expert', NULL, NULL, 'ballen'),
(11, 'XML', 'Novice', NULL, NULL, 'ballen'),
(12, NULL, NULL, 'C#', 'Proficient', 'ballen'),
(13, NULL, NULL, 'Ruby', 'Proficient', 'ballen'),
(14, 'C', 'Novice', NULL, NULL, 'oqueen'),
(15, 'C++', 'Novice', NULL, NULL, 'oqueen'),
(16, 'CSS', 'Expert', NULL, NULL, 'oqueen'),
(17, 'HTML', 'Expert', NULL, NULL, 'oqueen'),
(18, 'Java', 'Novice', NULL, NULL, 'oqueen'),
(19, 'JavaScript', 'Expert', NULL, NULL, 'oqueen'),
(20, 'JSON', 'Expert', NULL, NULL, 'oqueen'),
(21, 'Python', 'Expert', NULL, NULL, 'oqueen'),
(22, 'SQL', 'Proficient', NULL, NULL, 'oqueen'),
(23, 'Swift', 'Novice', NULL, NULL, 'oqueen'),
(24, NULL, NULL, 'Ruby', 'Proficient', 'oqueen'),
(25, 'C', 'Novice', NULL, NULL, 'jgrey'),
(26, 'C++', 'Novice', NULL, NULL, 'jgrey'),
(27, 'CSS', 'Expert', NULL, NULL, 'jgrey'),
(28, 'HTML', 'Expert', NULL, NULL, 'jgrey'),
(29, 'Java', 'Novice', NULL, NULL, 'jgrey'),
(30, 'JavaScript', 'Expert', NULL, NULL, 'jgrey'),
(31, 'JSON', 'Proficient', NULL, NULL, 'jgrey'),
(32, 'Python', 'Expert', NULL, NULL, 'jgrey'),
(33, 'SQL', 'Proficient', NULL, NULL, 'jgrey'),
(34, 'Swift', 'Novice', NULL, NULL, 'jgrey'),
(35, NULL, NULL, 'C#', 'Novice', 'jgrey'),
(36, NULL, NULL, 'Ruby', 'Proficient', 'jgrey'),
(37, NULL, NULL, 'Prolog', 'Novice', 'jgrey'),
(38, 'C', 'Proficient', NULL, NULL, 'ckent'),
(39, 'C++', 'Proficient', NULL, NULL, 'ckent'),
(40, 'CSS', 'Expert', NULL, NULL, 'ckent'),
(41, 'HTML', 'Expert', NULL, NULL, 'ckent'),
(42, 'Java', 'Proficient', NULL, NULL, 'ckent'),
(43, 'JavaScript', 'Expert', NULL, NULL, 'ckent'),
(44, 'JSON', 'Expert', NULL, NULL, 'ckent'),
(45, 'Python', 'Expert', NULL, NULL, 'ckent'),
(46, 'SQL', 'Novice', NULL, NULL, 'ckent'),
(47, 'Swift', 'Novice', NULL, NULL, 'ckent'),
(48, 'Verilog', 'Novice', NULL, NULL, 'ckent'),
(49, 'XML', 'Novice', NULL, NULL, 'ckent'),
(50, NULL, NULL, 'C#', 'Proficient', 'ckent'),
(51, NULL, NULL, 'Ruby', '/Expert', 'ckent'),
(52, NULL, NULL, 'Prolog', 'Novice', 'ckent'),
(53, 'C', 'Expert', NULL, NULL, 'pparker'),
(54, 'C++', 'Expert', NULL, NULL, 'pparker'),
(55, 'CSS', 'Expert', NULL, NULL, 'pparker'),
(56, 'HTML', 'Expert', NULL, NULL, 'pparker'),
(57, 'Java', 'Expert', NULL, NULL, 'pparker'),
(58, 'JavaScript', 'Expert', NULL, NULL, 'pparker'),
(59, 'JSON', 'Expert', NULL, NULL, 'pparker'),
(60, 'Python', 'Expert', NULL, NULL, 'pparker'),
(61, 'SQL', 'Proficient', NULL, NULL, 'pparker'),
(62, 'Swift', 'Proficient', NULL, NULL, 'pparker'),
(63, 'Verilog', 'Proficient', NULL, NULL, 'pparker'),
(64, 'XML', 'Proficient', NULL, NULL, 'pparker'),
(65, NULL, NULL, 'C#', 'Expert', 'pparker'),
(66, NULL, NULL, 'Prolog', 'Proficient', 'pparker'),
(67, 'C', 'Proficient', NULL, NULL, 'omunroe'),
(68, 'C++', 'Proficient', NULL, NULL, 'omunroe'),
(69, 'CSS', 'Expert', NULL, NULL, 'omunroe'),
(70, 'HTML', 'Expert', NULL, NULL, 'omunroe'),
(71, 'Java', 'Novice', NULL, NULL, 'omunroe'),
(72, 'JavaScript', 'Expert', NULL, NULL, 'omunroe'),
(73, 'JSON', 'Expert', NULL, NULL, 'omunroe'),
(74, 'Python', 'Expert', NULL, NULL, 'omunroe'),
(75, 'SQL', 'Proficient', NULL, NULL, 'omunroe'),
(76, NULL, NULL, 'C#', 'Proficient', 'omunroe'),
(77, 'C', 'Novice', NULL, NULL, 'ldanvers'),
(78, 'C++', 'Novice', NULL, NULL, 'ldanvers'),
(79, 'CSS', 'Expert', NULL, NULL, 'ldanvers'),
(80, 'HTML', 'Expert', NULL, NULL, 'ldanvers'),
(81, 'Java', 'Proficient', NULL, NULL, 'ldanvers'),
(82, 'JavaScript', 'Expert', NULL, NULL, 'ldanvers'),
(83, 'JSON', 'Expert', NULL, NULL, 'ldanvers'),
(84, 'Python', 'Expert', NULL, NULL, 'ldanvers'),
(85, 'SQL', 'Proficient', NULL, NULL, 'ldanvers'),
(86, 'Swift', 'Proficient', NULL, NULL, 'ldanvers'),
(87, 'CSS', 'Expert', NULL, NULL, 'dprince'),
(88, 'HTML', 'Expert', NULL, NULL, 'dprince'),
(89, 'Java', 'Proficient', NULL, NULL, 'dprince'),
(90, 'JavaScript', 'Expert', NULL, NULL, 'dprince'),
(91, 'JSON', 'Expert', NULL, NULL, 'dprince'),
(92, 'Python', 'Expert', NULL, NULL, 'dprince'),
(93, 'SQL', 'Proficient', NULL, NULL, 'dprince'),
(94, 'Swift', 'Novice', NULL, NULL, 'dprince'),
(95, 'Verilog', 'Novice', NULL, NULL, 'dprince'),
(96, 'XML', 'Novice', NULL, NULL, 'dprince'),
(97, NULL, NULL, 'Ruby', 'Expert', 'dprince'),
(98, 'C', 'Novice', NULL, NULL, 'acurry'),
(99, 'C++', 'Novice', NULL, NULL, 'acurry'),
(100, 'CSS', 'Proficient', NULL, NULL, 'acurry'),
(101, 'HTML', 'Proficient', NULL, NULL, 'acurry'),
(102, 'Java', 'Proficient', NULL, NULL, 'acurry'),
(103, 'JavaScript', 'Expert', NULL, NULL, 'acurry'),
(104, 'JSON', 'Expert', NULL, NULL, 'acurry'),
(105, 'Python', 'Proficient', NULL, NULL, 'acurry'),
(106, 'SQL', 'Expert', NULL, NULL, 'acurry'),
(107, 'Swift', 'Proficient', NULL, NULL, 'acurry'),
(108, 'CSS', 'Expert', NULL, NULL, 'jjones'),
(109, 'HTML', 'Expert', NULL, NULL, 'jjones'),
(110, 'Java', 'Proficient', NULL, NULL, 'jjones'),
(111, 'JavaScript', 'Proficient', NULL, NULL, 'jjones'),
(112, 'JSON', 'Novice', NULL, NULL, 'jjones'),
(113, 'Python', 'Novice', NULL, NULL, 'jjones'),
(114, 'SQL', 'Novice', NULL, NULL, 'jjones'),
(115, 'Swift', 'Novice', NULL, NULL, 'jjones'),
(116, 'Verilog', 'Proficient', NULL, NULL, 'jjones'),
(117, 'XML', 'Proficient', NULL, NULL, 'jjones'),
(118, NULL, NULL, 'Ruby', 'Expert', 'jjones'),
(119, NULL, NULL, 'Prolog', 'Proficient', 'jjones'),
(120, 'C', 'Proficient', NULL, NULL, 'nadam'),
(121, 'C++', 'Proficient', NULL, NULL, 'nadam'),
(122, 'CSS', 'Expert', NULL, NULL, 'nadam'),
(123, 'HTML', 'Expert', NULL, NULL, 'nadam'),
(124, 'Java', 'Expert', NULL, NULL, 'nadam'),
(125, 'JavaScript', 'Expert', NULL, NULL, 'nadam'),
(126, 'JSON', 'Expert', NULL, NULL, 'nadam'),
(127, 'Python', 'Expert', NULL, NULL, 'nadam'),
(128, 'SQL', 'Proficient', NULL, NULL, 'nadam'),
(129, 'Swift', 'Novice', NULL, NULL, 'nadam'),
(130, 'Verilog', 'Expert', NULL, NULL, 'nadam'),
(131, 'XML', 'Expert', NULL, NULL, 'nadam'),
(132, NULL, NULL, 'C#', 'Proficient', 'nadam'),
(133, NULL, NULL, 'Ruby', 'Expert', 'nadam'),
(134, NULL, NULL, 'Prolog', 'Expert', 'nadam'),
(135, 'C', 'Novice', NULL, NULL, 'todinson'),
(136, 'C++', 'Novice', NULL, NULL, 'todinson'),
(137, 'CSS', 'Proficient', NULL, NULL, 'todinson'),
(138, 'HTML', 'Proficient', NULL, NULL, 'todinson'),
(139, 'Java', 'Expert', NULL, NULL, 'todinson'),
(140, 'JavaScript', 'Expert', NULL, NULL, 'todinson'),
(141, 'JSON', 'Expert', NULL, NULL, 'todinson'),
(142, 'Python', 'Expert', NULL, NULL, 'todinson'),
(143, 'SQL', 'Proficient', NULL, NULL, 'todinson'),
(144, 'C', 'Novice', NULL, NULL, 'nfury'),
(145, 'C++', 'Novice', NULL, NULL, 'nfury'),
(146, 'CSS', 'Expert', NULL, NULL, 'nfury'),
(147, 'HTML', 'Expert', NULL, NULL, 'nfury'),
(148, 'Java', 'Proficient', NULL, NULL, 'nfury'),
(149, 'JavaScript', 'Expert', NULL, NULL, 'nfury'),
(150, 'JSON', 'Expert', NULL, NULL, 'nfury'),
(151, 'Python', 'Proficient', NULL, NULL, 'nfury'),
(152, 'SQL', 'Proficient', NULL, NULL, 'nfury'),
(153, 'Swift', 'Novice', NULL, NULL, 'nfury'),
(154, 'Verilog', 'Novice', NULL, NULL, 'nfury'),
(155, 'XML', 'Novice', NULL, NULL, 'nfury'),
(156, 'CSS', 'Expert', NULL, NULL, 'cbarton'),
(157, 'HTML', 'Expert', NULL, NULL, 'cbarton'),
(158, 'Java', 'Proficient', NULL, NULL, 'cbarton'),
(159, 'JavaScript', 'Proficient', NULL, NULL, 'cbarton'),
(160, 'JSON', 'Proficient', NULL, NULL, 'cbarton'),
(161, 'Python', 'Novice', NULL, NULL, 'cbarton'),
(162, 'SQL', 'Expert', NULL, NULL, 'cbarton'),
(163, 'Verilog', 'Novice', NULL, NULL, 'cbarton'),
(164, 'XML', 'Novice', NULL, NULL, 'cbarton'),
(165, NULL, NULL, 'Ruby', 'Expert', 'cbarton'),
(166, NULL, NULL, 'Prolog', 'Novice', 'cbarton'),
(167, 'C', 'Proficient', NULL, NULL, 'ssummers'),
(168, 'C++', 'Proficient', NULL, NULL, 'ssummers'),
(169, 'CSS', 'Expert', NULL, NULL, 'ssummers'),
(170, 'HTML', 'Expert', NULL, NULL, 'ssummers'),
(171, 'Java', 'Proficient', NULL, NULL, 'ssummers'),
(172, 'JavaScript', 'Proficient', NULL, NULL, 'ssummers'),
(173, 'JSON', 'Proficient', NULL, NULL, 'ssummers'),
(174, 'Python', 'Novice', NULL, NULL, 'ssummers'),
(175, 'SQL', 'Proficient', NULL, NULL, 'ssummers'),
(176, 'Swift', 'Novice', NULL, NULL, 'ssummers'),
(177, 'Verilog', 'Novice', NULL, NULL, 'ssummers'),
(178, 'XML', 'Proficient', NULL, NULL, 'ssummers'),
(179, NULL, NULL, 'C#', 'Proficient', 'ssummers'),
(180, NULL, NULL, 'Ruby', 'Expert', 'ssummers'),
(181, NULL, NULL, 'Prolog', 'Novice', 'ssummers');


-- -----------------------------------------------------
-- Attachment Table
-- -----------------------------------------------------
INSERT INTO Attachment (AttachmentID, AttachmentName, AttachmentType, AttachmentSize,
UploadDate, ASURITE_ID) VALUES
(1, 'Barry Allen Resume', 'PDF', 131, '2017-01-03 11:35:18', 'ballen'),
(2, 'Barry Allen Transcript', 'PDF', 162, '2017-01-03 11:55:42', 'ballen');


-- -----------------------------------------------------
-- Calendar Table
-- -----------------------------------------------------
INSERT INTO Calendar (CalendarID, CalendarName, CalendarDay, StartHour, StopHour, ASURITE_ID) VALUES
(1, 'Summer Semester', 'Monday', '08:00:00', '09:00:00', 'ballen'), 
(2, 'Summer Semester', 'Monday', '09:00:00', '10:00:00', 'ballen'),
(3, 'Summer Semester', 'Monday', '13:00:00', '14:00:00', 'ballen'),
(4, 'Summer Semester', 'Monday', '14:00:00', '15:00:00', 'ballen'),
(5, 'Summer Semester', 'Wednesday', '08:00:00', '09:00:00', 'ballen'), 
(6, 'Summer Semester', 'Wednesday', '09:00:00', '10:00:00', 'ballen'),
(7, 'Summer Semester', 'Wednesday', '13:00:00', '14:00:00', 'ballen'),
(8, 'Summer Semester', 'Wednesday', '14:00:00', '15:00:00', 'ballen'),
(9, 'Fall Semester', 'Monday', '08:00:00', '10:00:00', 'ckent'),
(10, 'Fall Semester', 'Monday', '10:00:00', '12:00:00', 'ckent'),
(11, 'Fall Semester', 'Monday', '12:00:00', '14:00:00', 'ckent'),
(12, 'Fall Semester', 'Tuesday', '18:00:00', '20:00:00', 'ckent'),
(13, 'Fall Semester', 'Tuesday', '08:00:00', '10:00:00', 'ckent'),
(14, 'Fall Semester', 'Tuesday', '10:00:00', '12:00:00', 'ckent'),
(15, 'Fall Semester', 'Tuesday', '12:00:00', '14:00:00', 'ckent'),
(16, 'Fall Semester', 'Tuesday', '14:00:00', '16:00:00', 'ckent'),
(17, 'Fall Semester', 'Wednesday', '08:00:00', '10:00:00', 'ckent'),
(18, 'Fall Semester', 'Wednesday', '10:00:00', '12:00:00', 'ckent'),
(19, 'Fall Semester', 'Wednesday', '12:00:00', '14:00:00', 'ckent'),
(20, 'Fall Semester', 'Thursday', '08:00:00', '10:00:00', 'ckent'),
(21, 'Fall Semester', 'Thursday', '10:00:00', '12:00:00', 'ckent'),
(22, 'Fall Semester', 'Thursday', '12:00:00', '14:00:00', 'ckent'),
(23, 'Fall Semester', 'Friday', '08:00:00', '10:00:00', 'ckent'),
(24, 'Fall Semester', 'Friday', '10:00:00', '12:00:00', 'ckent'),
(25, 'Fall Semester', 'Monday', '10:00:00', '12:00:00', 'pparker'),
(26, 'Fall Semester', 'Monday', '12:00:00', '14:00:00', 'pparker'),
(27, 'Fall Semester', 'Tuesday', '08:00:00', '10:00:00', 'pparker'),
(28, 'Fall Semester', 'Tuesday', '10:00:00', '12:00:00', 'pparker'),
(29, 'Fall Semester', 'Tuesday', '14:00:00', '16:00:00', 'pparker'),
(30, 'Fall Semester', 'Tuesday', '16:00:00', '18:00:00', 'pparker'),
(31, 'Fall Semester', 'Wednesday', '10:00:00', '12:00:00', 'pparker'),
(32, 'Fall Semester', 'Wednesday', '12:00:00', '14:00:00', 'pparker'),
(33, 'Fall Semester', 'Wednesday', '14:00:00', '16:00:00', 'pparker'),
(34, 'Fall Semester', 'Thursday', '08:00:00', '10:00:00', 'pparker'),
(35, 'Fall Semester', 'Thursday', '10:00:00', '12:00:00', 'pparker'),
(36, 'Fall Semester', 'Monday', '08:00:00', '10:00:00', 'omunroe'),
(37, 'Fall Semester', 'Monday', '10:00:00', '12:00:00', 'omunroe'),
(38, 'Fall Semester', 'Monday', '12:00:00', '14:00:00', 'omunroe'),
(39, 'Fall Semester', 'Monday', '14:00:00', '16:00:00', 'omunroe'),
(40, 'Fall Semester', 'Tuesday', '08:00:00', '10:00:00', 'omunroe'),
(41, 'Fall Semester', 'Tuesday', '10:00:00', '12:00:00', 'omunroe'),
(42, 'Fall Semester', 'Tuesday', '14:00:00', '16:00:00', 'omunroe'),
(43, 'Fall Semester', 'Tuesday', '16:00:00', '18:00:00', 'omunroe'),
(44, 'Fall Semester', 'Wednesday', '10:00:00', '12:00:00', 'omunroe'),
(45, 'Fall Semester', 'Wednesday', '12:00:00', '14:00:00', 'omunroe'),
(46, 'Fall Semester', 'Thursday', '08:00:00', '10:00:00', 'omunroe'),
(47, 'Fall Semester', 'Thursday', '10:00:00', '12:00:00', 'omunroe'),
(48, 'Fall Semester', 'Thursday', '12:00:00', '14:00:00', 'omunroe'),
(49, 'Fall Semester', 'Thursday', '14:00:00', '16:00:00', 'omunroe'),
(50, 'Fall Semester', 'Friday', '08:00:00', '10:00:00', 'omunroe'),
(51, 'Fall Semester', 'Friday', '10:00:00', '12:00:00', 'omunroe'),
(52, 'Fall Semester', 'Friday', '12:00:00', '14:00:00', 'omunroe'),
(53, 'Fall Semester', 'Monday', '08:00:00', '10:00:00', 'ldanvers'),
(54, 'Fall Semester', 'Monday', '10:00:00', '12:00:00', 'ldanvers'),
(55, 'Fall Semester', 'Tuesday', '08:00:00', '10:00:00', 'ldanvers'),
(56, 'Fall Semester', 'Tuesday', '10:00:00', '12:00:00', 'ldanvers'),
(57, 'Fall Semester', 'Wednesday', '08:00:00', '10:00:00', 'ldanvers'),
(58, 'Fall Semester', 'Wednesday', '10:00:00', '12:00:00', 'ldanvers'),
(59, 'Fall Semester', 'Thursday', '08:00:00', '10:00:00', 'ldanvers'),
(60, 'Fall Semester', 'Thursday', '10:00:00', '12:00:00', 'ldanvers'),
(61, 'Fall Semester', 'Monday', '10:00:00', '12:00:00', 'dprince'),
(62, 'Fall Semester', 'Monday', '12:00:00', '14:00:00', 'dprince'),
(63, 'Fall Semester', 'Monday', '14:00:00', '16:00:00', 'dprince'),
(64, 'Fall Semester', 'Tuesday', '08:00:00', '10:00:00', 'dprince'),
(65, 'Fall Semester', 'Tuesday', '10:00:00', '12:00:00', 'dprince'),
(66, 'Fall Semester', 'Tuesday', '12:00:00', '14:00:00', 'dprince'),
(67, 'Fall Semester', 'Tuesday', '14:00:00', '16:00:00', 'dprince'),
(68, 'Fall Semester', 'Wednesday', '12:00:00', '14:00:00', 'dprince'),
(69, 'Fall Semester', 'Wednesday', '14:00:00', '16:00:00', 'dprince'),
(70, 'Fall Semester', 'Wednesday', '16:00:00', '18:00:00', 'dprince'),
(71, 'Fall Semester', 'Thursday', '08:00:00', '10:00:00', 'dprince'),
(72, 'Fall Semester', 'Thursday', '10:00:00', '12:00:00', 'dprince'),
(73, 'Fall Semester', 'Thursday', '12:00:00', '14:00:00', 'dprince'),
(74, 'Fall Semester', 'Thursday', '18:00:00', '20:00:00', 'dprince'),
(75, 'Fall Semester', 'Friday', '08:00:00', '10:00:00', 'dprince'),
(76, 'Fall Semester', 'Friday', '10:00:00', '12:00:00', 'dprince'),
(77, 'Fall Semester', 'Friday', '12:00:00', '14:00:00', 'dprince'),
(78, 'Fall Semester', 'Monday', '16:00:00', '18:00:00', 'acurry'),
(79, 'Fall Semester', 'Monday', '18:00:00', '20:00:00', 'acurry'),
(80, 'Fall Semester', 'Tuesday', '08:00:00', '10:00:00', 'acurry'),
(81, 'Fall Semester', 'Tuesday', '10:00:00', '12:00:00', 'acurry'),
(82, 'Fall Semester', 'Tuesday', '12:00:00', '14:00:00', 'acurry'),
(83, 'Fall Semester', 'Wednesday', '14:00:00', '16:00:00', 'acurry'),
(84, 'Fall Semester', 'Wednesday', '16:00:00', '18:00:00', 'acurry'),
(85, 'Fall Semester', 'Wednesday', '18:00:00', '20:00:00', 'acurry'),
(86, 'Fall Semester', 'Thursday', '08:00:00', '10:00:00', 'acurry'),
(87, 'Fall Semester', 'Thursday', '10:00:00', '12:00:00', 'acurry'),
(88, 'Fall Semester', 'Thursday', '12:00:00', '14:00:00', 'acurry'),
(89, 'Fall Semester', 'Thursday', '14:00:00', '16:00:00', 'acurry'),
(90, 'Fall Semester', 'Monday', '08:00:00', '10:00:00', 'jjones'),
(91, 'Fall Semester', 'Monday', '10:00:00', '12:00:00', 'jjones'),
(92, 'Fall Semester', 'Tuesday', '10:00:00', '12:00:00', 'jjones'),
(93, 'Fall Semester', 'Wednesday', '08:00:00', '10:00:00', 'jjones'),
(94, 'Fall Semester', 'Wednesday', '10:00:00', '12:00:00', 'jjones'),
(95, 'Fall Semester', 'Wednesday', '12:00:00', '14:00:00', 'jones'),
(96, 'Fall Semester', 'Thursday', '08:00:00', '10:00:00', 'jjones'),
(97, 'Fall Semester', 'Thursday', '10:00:00', '12:00:00', 'jjones'),
(98, 'Fall Semester', 'Friday', '08:00:00', '10:00:00', 'jjones'),
(99, 'Fall Semester', 'Friday', '10:00:00', '12:00:00', 'jjones'),
(100, 'Fall Semester', 'Monday', '10:00:00', '12:00:00', 'nadam'),
(101, 'Fall Semester', 'Monday', '12:00:00', '14:00:00', 'nadam'),
(102, 'Fall Semester', 'Monday', '14:00:00', '16:00:00', 'nadam'),
(103, 'Fall Semester', 'Tuesday', '08:00:00', '10:00:00', 'nadam'),
(104, 'Fall Semester', 'Tuesday', '10:00:00', '12:00:00', 'nadam'),
(105, 'Fall Semester', 'Tuesday', '12:00:00', '14:00:00', 'nadam'),
(106, 'Fall Semester', 'Wednesday', '08:00:00', '10:00:00', 'nadam'),
(107, 'Fall Semester', 'Wednesday', '10:00:00', '12:00:00', 'nadam'),
(108, 'Fall Semester', 'Thursday', '10:00:00', '12:00:00', 'nadam'),
(109, 'Fall Semester', 'Thursday', '12:00:00', '14:00:00', 'nadam'),
(110, 'Fall Semester', 'Friday', '10:00:00', '12:00:00', 'nadam'),
(111, 'Fall Semester', 'Friday', '12:00:00', '14:00:00', 'nadam'),
(112, 'Fall Semester', 'Monday', '14:00:00', '16:00:00', 'todinson'),
(113, 'Fall Semester', 'Monday', '16:00:00', '18:00:00', 'todinson'),
(114, 'Fall Semester', 'Monday', '18:00:00', '20:00:00', 'todinson'),
(115, 'Fall Semester', 'Tuesday', '14:00:00', '16:00:00', 'todinson'),
(116, 'Fall Semester', 'Tuesday', '16:00:00', '18:00:00', 'todinson'),
(117, 'Fall Semester', 'Tuesday', '18:00:00', '20:00:00', 'todinson'),
(118, 'Fall Semester', 'Wednesday', '14:00:00', '16:00:00', 'todinson'),
(119, 'Fall Semester', 'Wednesday', '16:00:00', '18:00:00', 'todinson'),
(120, 'Fall Semester', 'Wednesday', '18:00:00', '20:00:00', 'todinson'),
(121, 'Fall Semester', 'Thursday', '14:00:00', '16:00:00', 'todinson'),
(122, 'Fall Semester', 'Thursday', '16:00:00', '18:00:00', 'todinson'),
(123, 'Fall Semester', 'Thursday', '18:00:00', '20:00:00', 'todinson'),
(124, 'Fall Semester', 'Monday', '08:00:00', '10:00:00', 'nfury'),
(125, 'Fall Semester', 'Monday', '10:00:00', '12:00:00', 'nfury'),
(126, 'Fall Semester', 'Monday', '12:00:00', '14:00:00', 'nfury'),
(127, 'Fall Semester', 'Monday', '14:00:00', '16:00:00', 'nfury'),
(128, 'Fall Semester', 'Tuesday', '08:00:00', '10:00:00', 'nfury'),
(129, 'Fall Semester', 'Tuesday', '10:00:00', '12:00:00', 'nfury'),
(130, 'Fall Semester', 'Tuesday', '12:00:00', '14:00:00', 'nfury'),
(131, 'Fall Semester', 'Tuesday', '14:00:00', '16:00:00', 'nfury'),
(132, 'Fall Semester', 'Wednesday', '08:00:00', '10:00:00', 'nfury'),
(133, 'Fall Semester', 'Wednesday', '10:00:00', '12:00:00', 'nfury'),
(134, 'Fall Semester', 'Wednesday', '12:00:00', '14:00:00', 'nfury'),
(135, 'Fall Semester', 'Wednesday', '14:00:00', '16:00:00', 'nfury'),
(136, 'Fall Semester', 'Thursday', '08:00:00', '10:00:00', 'nfury'),
(137, 'Fall Semester', 'Thursday', '10:00:00', '12:00:00', 'nfury'),
(138, 'Fall Semester', 'Thursday', '12:00:00', '14:00:00', 'nfury'),
(139, 'Fall Semester', 'Thursday', '14:00:00', '16:00:00', 'nfury'),
(140, 'Fall Semester', 'Friday', '10:00:00', '12:00:00', 'nfury'),
(141, 'Fall Semester', 'Friday', '12:00:00', '14:00:00', 'nfury'),
(142, 'Fall Semester', 'Friday', '14:00:00', '16:00:00', 'nfury'),
(143, 'Fall Semester', 'Friday', '16:00:00', '18:00:00', 'nfury'),
(144, 'Fall Semester', 'Monday', '12:00:00', '14:00:00', 'cbarton'),
(145, 'Fall Semester', 'Monday', '14:00:00', '16:00:00', 'cbarton'),
(146, 'Fall Semester', 'Tuesday', '12:00:00', '14:00:00', 'cbarton'),
(147, 'Fall Semester', 'Tuesday', '14:00:00', '16:00:00', 'cbarton'),
(148, 'Fall Semester', 'Wednesday', '12:00:00', '14:00:00', 'cbarton'),
(149, 'Fall Semester', 'Wednesday', '14:00:00', '16:00:00', 'cbarton'),
(150, 'Fall Semester', 'Thursday', '12:00:00', '14:00:00', 'cbarton'),
(151, 'Fall Semester', 'Thursday', '14:00:00', '16:00:00', 'cbarton'),
(152, 'Fall Semester', 'Friday', '08:00:00', '10:00:00', 'cbarton'),
(153, 'Fall Semester', 'Friday', '10:00:00', '12:00:00', 'cbarton'),
(154, 'Fall Semester', 'Monday', '08:00:00', '10:00:00', 'ssummers'),
(155, 'Fall Semester', 'Monday', '10:00:00', '12:00:00', 'ssummers'),
(156, 'Fall Semester', 'Tuesday', '08:00:00', '10:00:00', 'ssummers'),
(157, 'Fall Semester', 'Tuesday', '10:00:00', '12:00:00', 'ssummers'),
(158, 'Fall Semester', 'Wednesday', '08:00:00', '10:00:00', 'ssummers'),
(159, 'Fall Semester', 'Wednesday', '10:00:00', '12:00:00', 'ssummers'),
(160, 'Fall Semester', 'Thursday', '08:00:00', '10:00:00', 'ssummers'),
(161, 'Fall Semester', 'Thursday', '10:00:00', '12:00:00', 'ssummers'),
(162, 'Fall Semester', 'Friday', '08:00:00', '10:00:00', 'ssummers'),
(163, 'Fall Semester', 'Friday', '10:00:00', '12:00:00', 'ssummers');


-- -----------------------------------------------------
-- Offer Table
-- -----------------------------------------------------
INSERT INTO Offer (OfferID, isOfferAccept, ASURITE_ID) VALUES
(1, NULL, 'ballen'),
(2, NULL, 'oqueen'),
(3, 1, 'ckent'),
(4, 1, 'pparker'),
(5, 1, 'omunroe'),
(6, 1, 'ldanvers'),
(7, 1, 'dprince'),
(8, 1, 'acurry'),
(9, 1, 'jjones'),
(10, 1, 'nadam'),
(11, 1, 'todinson'),
(12, 1, 'nfury'),
(13, 1, 'cbarton'),
(14, 1, 'ssummers');

-- -----------------------------------------------------
-- Student Evaluation Table
-- -----------------------------------------------------
INSERT INTO Student_Evaluation (EvaluationID, DateCreated, QOneScore, QOneComments, 
QTwoScore, QTwoComments, QThreeScore, QThreeComments, QFourScore, QFourComments, 
ASURITE_ID_1, ASURITE_ID_2) VALUES
(1, '2017-01-12 13:05:11', 4, 'Great job on feedback.', 4, 'Always on time.', 4, 
"Always answered student's questions in class and after class.", 4, 'Overall great job.', 
'rbanner','ballen');


-- -----------------------------------------------------
-- Schedule Table
-- -----------------------------------------------------
INSERT INTO Schedule_ (ScheduleID, SessionIs, Location, Subject, CatalogNumber, CourseNumber, 
CourseTitle, Days, StartHours, EndHours, FirstName, LastName, AssignedStatus, TARequiredHours, 
GraderRequiredHours, EnrollmentNumPrev) VALUES
(1, 'A', 'ASUOnline', 'ASU', 101, 10201, 'The ASU Experience', NULL, NULL, NULL, 'Abraham', 
'Helsing', 'Complete', 10, 10, 60),
(2, 'A', 'ASUOnline', 'SER', 421, 11321, 'Web-Based Applications and Mobile Systems', 
NULL, NULL, NULL, 'Bruce', 'Banner', 'Incomplete', 10, 0, 55),
(3, 'A', 'ASUOnline', 'SER', 422, 12312, 'Web Application Programming', NULL, NULL, NULL,
'Henry', 'McCoy', 'Incomplete', 10, 10, 88),
(4, 'B', 'ASUOnline', 'CSE', 120, 10121, 'Digital Design Fundamentals', NULL, NULL, NULL,
'Abraham', 'Helsing', 'Incomplete', 10, 10, 66),
(5, 'B', 'ASUOnline', 'FSE', 100, 12012, 'Introduction to Engineering', NULL, NULL, NULL,
'Bruce', 'Banner', 'Incomplete', 10, 10, 100),
(6, 'B', 'ASUOnline', 'CSE', 205, 13021, 'Object-Oriented Programming and Data Structures', 
NULL, NULL, NULL, 'Charles', 'Xavier', 'Incomplete', 10, 10, 90),
(7, 'A', 'ASUOnline', 'SER', 215, 13245, 'Software Enterprise: Personal Process', NULL, 
NULL, NULL, 'Charles', 'Xavier', 'Incomplete', 10, 10, 93),
(8, 'B', 'ASUOnline', 'SER', 216, 10001, 'Software Enterprise: Testing and Quality', NULL, 
NULL, NULL, 'Bruce', 'Banner', 'Incomplete', 10, 10, 105),
(9, 'C', 'ASUOnline', 'SER', 401, 10244, 'Computing Capstone Project I', NULL, NULL, NULL,
'Abraham', 'Helsing', 'Incomplete',  10, 10, 85),
(10, 'C', 'ASUOnline', 'SER', 402, 14401, 'Computing Capstone Project II', NULL, NULL, NULL,
'Abraham', 'Helsing', 'Incomplete', 10, 10, 75),
(11, 'C', 'POLY', 'SER', 401, 10111, 'Computing Capstone Project I', 'Tuesday/Thursday', 
'10:00:00', '11:15:00', 'Henry', 'McCoy', 'Incomplete', 10, 0, 55),
(12, 'C', 'POLY', 'SER', 402, 14222, 'Computing Capstone Project II', 'Tuesday/Thursday', 
'08:00:00', '09:15:00', 'Henry', 'McCoy', 'Incomplete', 10, 0, 52);


-- -----------------------------------------------------
-- Student Request Table
-- -----------------------------------------------------
INSERT INTO Student_Request (RequestID, DateCreated, ScheduleID, Rank1, Rank2) VALUES
(1, '2017-01-10 11:28:01', 1, 'ckent', 'pparker'),
(2, '2017-01-12 08:04:23', 2, 'omunroe', 'jjones'),
(3, '2017-01-12 12:45:21', 3, 'dprince', 'ldanvers'),
(4, '2017-01-14 09:23:11', 4, 'nfury', NULL),
(5, '2017-01-15 15:58:06', 5, 'pparker', NULL),
(6, '2017-01-18 13:30:32', 6, 'cbarton', NULL),
(7, '2017-01-19 10:06:00', 7, 'ssummers', 'omunroe'),
(8, '2017-01-20 10:52:46', 8, 'ckent', NULL),
(9, '2017-01-20 14:13:27', 9, 'todinson', NULL),
(10, '2017-01-25 16:24:00', 10, 'nadam', 'nfury'),
(11, '2017-01-20 17:49:54', 11, 'dprince', 'todinson'),
(12, '2017-02-03 08:52:15', 12, 'acurry', 'cbarton');


-- -----------------------------------------------------
-- Placement Table
-- -----------------------------------------------------
INSERT INTO Placement (PlaceID, TA, TAStatus, TATwo, TATwoStatus, GraderOne, GraderOneStatus, 
GraderTwo, GraderTwoStatus, TAHours, TATwoHours, GraderOneHours, GraderTwoHours, ScheduleID) VALUES
(1, 'ckent', 'Confirmed', NULL, NULL, 'pparker', 'Pending', NULL, NULL, 10, NULL, 10, NULL, 1),
(2, 'jjones', 'Pending',  NULL, NULL, NULL, NULL, NULL, NULL, 10, NULL, NULL, NULL, 2),
(3, 'dprince', 'Confirmed', NULL, NULL, 'ldanvers', 'Pending', NULL, NULL, 10, NULL, 10, NULL, 3),
(4, 'nfury', 'Pending', NULL, NULL, '', 'Temporary', NULL, NULL, 10, NULL, 10, NULL, 4),
(5, 'cbarton', 'Confirmed', NULL, NULL, 'pparker', 'Temporary', NULL, NULL, 10, NULL, 10, NULL, 5),
(6, 'cbarton', 'Confirmed', NULL, NULL, 'ssummers', 'Pending', NULL, NULL, 10, NULL, 10, NULL, 6),
(7, 'ssummers', 'Pending', NULL, NULL, 'omunroe', 'Confirmed', NULL, NULL, 10, NULL, 10, NULL, 7),
(8, 'ckent', 'Pending', NULL, NULL, 'nadam', 'Pending', NULL, NULL, 10, NULL, 10, NULL, 8),
(9, 'todinson', 'Confirmed', NULL, NULL, NULL, NULL, NULL, NULL, 10, NULL, NULL, NULL, 9),
(10, 'nadam', 'Confirmed', NULL, NULL, 'srogers', 'Pending', NULL, NULL, 10, NULL, 10, NULL, 10),
(11, 'dprince', 'Confirmed', NULL, NULL, NULL, NULL, NULL, NULL, 10, NULL, NULL, NULL, 11),
(12, 'acurry', 'Confirmed', NULL, NULL, NULL, NULL, NULL, NULL, 10, NULL, NULL, NULL, 12);


-- -----------------------------------------------------
-- Enrollment Table
-- -----------------------------------------------------
INSERT INTO Enrollment (EnrollmentID, EnrollmentNumCurrent, DateEntered, ScheduleID) VALUES
(1, 25, '2017-02-25', 1),
(2, 33, '2017-02-25', 2),
(3, 30, '2017-02-25', 3),
(4, 24,'2017-02-25', 4),
(5, 52, '2017-02-25', 5),
(6, 50, '2017-02-25', 6),
(7, 40, '2017-02-25', 7),
(8, 60, '2017-02-25', 8),
(9, 50, '2017-02-25', 9),
(10, 63, '2017-02-25', 10),
(11, 34, '2017-02-25', 11),
(12, 38, '2017-02-25', 12),
(13, 65, '2017-03-01', 1),
(14, 58, '2017-03-01', 2),
(15, 85, '2017-03-01', 3),
(16, 70, '2017-03-01', 4),
(17, 95, '2017-03-01', 5),
(18, 87, '2017-03-01', 6),
(19, 98, '2017-03-01', 7),
(20, 99, '2017-03-01', 8),
(21, 92, '2017-03-01', 9),
(24, 78, '2017-03-01', 10),
(25, 57, '2017-03-01', 11),
(26, 55, '2017-03-01', 12),
(27, 60, '2017-03-05', 11),
(28, 57, '2017-03-05', 12);